Dist to GSO,Time,Hex,DS Type,Flight #,Aircraft_Reg,Aircraft_Type,Altitude Baro,Altitude Geom,Ground Speed,Track,Baro Rate,Squawk,Emergency,Category,Latitude,Longitude,NIC Navigation Integrity Category,RC Navigation Accuracy Category,Seen Position,Version,NIC Baro,NAC P,NAC V,SIL Source Integrity Level ,SIL Type,GVA,SDA System Design Assurance,Alert,SPI,MLAT,TISB,Messages,Seen,RSSI
2.010764562919029,000000Z,ac769b,adsb_icao,AAL197  ,N902AA,A321,2350,2425,163.8,261.57,1664,5174,none,A3,36.091484,-79.978014,8,186,0.236,2,1,9,1,3,perhour,2,2,0,0,[],[],28116024,0.0,-7.6
0.3823114607522955,000000Z,a8d6de,adsb_icao,NKS1401 ,N669NK,A321,ground,,0.0,,,,,A3,36.103379,-79.933616,8,186,23.143,2,,10,4,3,perhour,,2,,,[],[],27273334,21.6,-21.7
1.2386585642533434,000000Z,a73ab6,mode_s,JIA9969 ,N565NN,CRJ9,ground,,,,,1555,none,A3,,,,,,0,,,,,,,,,,[],[],21940393,4.4,-49.5
2.2444324822321575,000005Z,ac769b,adsb_icao,AAL197  ,N902AA,A321,2475,2550,166.0,263.77,1408,5174,none,A3,36.091019,-79.982806,8,186,0.153,2,1,9,1,3,perhour,2,2,0,0,[],[],28116059,0.2,-8.2
0.3823114607522955,000005Z,a8d6de,adsb_icao,NKS1401 ,N669NK,A321,ground,,0.0,,,,,A3,36.103379,-79.933616,8,186,28.143,2,,10,4,3,perhour,,2,,,[],[],27273334,26.6,-21.7
1.2386585642533434,000005Z,a73ab6,mode_s,JIA9969 ,N565NN,CRJ9,ground,,,,,1555,none,A3,,,,,,0,,,,,,,,,,[],[],21940393,9.4,-49.5
2.4702574323754467,000010Z,ac769b,adsb_icao,AAL197  ,N902AA,A321,2600,2700,170.0,263.92,960,5174,none,A3,36.090637,-79.98745,8,186,0.458,2,1,9,1,3,perhour,2,2,0,0,[],[],28116101,0.1,-12.7
0.3826294173524119,000010Z,a8d6de,adsb_icao,NKS1401 ,N669NK,A321,ground,,0.0,,,,,A3,36.103379,-79.933602,8,186,2.995,2,,10,4,3,perhour,,2,,,[],[],27273335,3.0,-21.8
1.2386585642533434,000010Z,a73ab6,mode_s,JIA9969 ,N565NN,CRJ9,ground,,,,,1555,none,A3,,,,,,0,,,,,,,,,,[],[],21940393,14.4,-49.5
2.7215658753794987,000015Z,ac769b,adsb_icao,AAL197  ,N902AA,A321,2700,2800,175.4,262.79,1216,5174,none,A3,36.090134,-79.992599,8,186,0.219,2,1,9,1,3,perhour,2,2,0,0,[],[],28116143,0.1,-15.2
0.916313350886339,000015Z,a73ab6,adsb_icao,JIA9969 ,N565NN,CRJ9,ground,,20.5,,,1555,none,A3,36.112885,-79.939728,0,0,3.59,0,,8,,2,unknown,,,,,[],[],21940395,3.6,-49.5
0.3826294173524119,000015Z,a8d6de,adsb_icao,NKS1401 ,N669NK,A321,ground,,0.0,,,,,A3,36.103379,-79.933602,8,186,7.995,2,,10,4,3,perhour,,2,,,[],[],27273336,1.7,-21.9
9.998407816699771,000015Z,ac12d6,adsb_icao,SWA3537 ,N8771D,B38M,37025,39475,440.5,325.26,0,6252,none,A3,36.057404,-79.737396,8,186,0.344,2,1,10,2,3,perhour,2,2,0,0,[],[],20894707,0.0,-8.0
2.9776272359474905,000020Z,ac769b,adsb_icao,AAL197  ,N902AA,A321,2825,2900,179.6,262.32,1216,5174,none,A3,36.089529,-79.997825,8,186,0.089,2,1,9,1,3,perhour,2,2,0,0,[],[],28116180,0.1,-15.7
0.916313350886339,000020Z,a73ab6,adsb_icao,JIA9969 ,N565NN,CRJ9,ground,,20.5,,,1555,none,A3,36.112885,-79.939728,0,0,8.59,0,,8,,2,unknown,,,,,[],[],21940395,8.6,-49.5
0.3826294173524119,000020Z,a8d6de,adsb_icao,NKS1401 ,N669NK,A321,ground,,0.0,,,2000,none,A3,36.103379,-79.933602,8,186,12.995,2,,10,4,3,perhour,,2,,,[],[],27273337,3.4,-21.9
9.554736836708768,000020Z,ac12d6,adsb_icao,SWA3537 ,N8771D,B38M,37025,39475,440.5,325.26,0,6252,none,A3,36.065648,-79.744438,8,186,0.432,2,1,10,2,3,perhour,2,2,0,0,[],[],20894754,0.1,-9.7
3.2262414744901373,000025Z,ac769b,adsb_icao,AAL197  ,N902AA,A321,2925,3025,183.8,261.87,1280,5174,none,A3,36.088943,-80.002899,8,186,0.086,2,1,9,1,3,perhour,2,2,0,0,[],[],28116214,0.1,-10.1
0.9473036706650667,000025Z,a73ab6,adsb_icao,JIA9969 ,N565NN,CRJ9,ground,,19.5,216.0,,1555,none,A3,36.113468,-79.938998,0,0,4.576,0,,8,,2,unknown,,,,,[],[],21940397,1.6,-8.5
0.3826294173524119,000025Z,a8d6de,adsb_icao,NKS1401 ,N669NK,A321,ground,,0.0,,,2000,none,A3,36.103379,-79.933602,8,186,17.995,2,,10,4,3,perhour,,2,,,[],[],27273337,8.4,-21.9
9.123776238597895,000025Z,ac12d6,adsb_icao,SWA3537 ,N8771D,B38M,37025,39450,440.5,325.26,-64,6252,none,A3,36.074027,-79.751567,8,186,0.414,2,1,10,2,3,perhour,2,2,0,0,[],[],20894806,0.1,-9.7
3.495453655886871,000030Z,ac769b,adsb_icao,AAL197  ,N902AA,A321,3025,3125,187.0,261.7,1216,5174,none,A3,36.088303,-80.008392,8,186,0.064,2,1,9,1,3,perhour,2,2,0,0,[],[],28116249,0.1,-8.7
0.9473036706650667,000030Z,a73ab6,adsb_icao,JIA9969 ,N565NN,CRJ9,ground,,19.5,216.0,,1555,none,A3,36.113468,-79.938998,0,0,9.576,0,,8,,2,unknown,,,,,[],[],21940397,6.7,-8.5
0.3826294173524119,000030Z,a8d6de,adsb_icao,NKS1401 ,N669NK,A321,ground,,0.0,,,2000,none,A3,36.103379,-79.933602,8,186,2.907,2,,10,4,3,perhour,,2,,,[],[],27273339,0.1,-21.9
8.708085155830219,000030Z,ac12d6,adsb_icao,SWA3537 ,N8771D,B38M,37025,39475,440.5,325.26,64,6252,none,A3,36.0825,-79.758814,8,186,0.42,2,1,10,2,3,perhour,2,2,0,0,[],[],20894853,0.1,-6.0
3.7399308530892528,000035Z,ac769b,adsb_icao,AAL197  ,N902AA,A321,3150,3275,194.3,261.12,1408,5174,none,A3,36.087667,-80.013369,8,186,0.436,2,1,9,1,3,perhour,2,2,0,0,[],[],28116285,0.1,-11.2
0.9791879562817885,000035Z,a73ab6,adsb_icao,JIA9969 ,N565NN,CRJ9,ground,,16.5,216.0,,1555,none,A3,36.11404,-79.938269,0,0,4.934,0,,8,,2,unknown,,,,,[],[],21940398,4.9,-7.9
0.3826294173524119,000035Z,a8d6de,adsb_icao,NKS1401 ,N669NK,A321,ground,,0.0,,,2000,none,A3,36.103379,-79.933602,8,186,7.907,2,,10,4,3,perhour,,2,,,[],[],27273339,5.1,-21.9
9.626619363650487,000035Z,a7130c,adsb_icao,SWA2577 ,N555LV,B737,40000,42425,447.2,212.3,0,2422,none,A3,36.232817,-79.830283,8,186,0.166,2,1,10,2,3,perhour,2,2,0,0,[],[],28728235,0.0,-12.9
8.326808942295422,000035Z,ac12d6,adsb_icao,SWA3537 ,N8771D,B38M,37025,39450,440.5,325.26,0,6252,none,A3,36.090786,-79.765885,8,186,0.436,2,1,10,2,3,perhour,2,2,0,0,[],[],20894900,0.0,-6.7
4.029355971678872,000040Z,ac769b,adsb_icao,AAL197  ,N902AA,A321,3275,3400,199.6,260.77,1472,5174,none,A3,36.086929,-80.019264,8,186,0.237,2,1,9,1,3,perhour,2,2,0,0,[],[],28116323,0.1,-14.9
0.9979135649098853,000040Z,a73ab6,adsb_icao,JIA9969 ,N565NN,CRJ9,ground,,14.8,216.0,,1555,none,A3,36.114365,-79.937838,8,186,3.305,0,,8,,2,unknown,,,,,[],[],21940399,3.3,-7.3
0.3823114607522955,000040Z,a8d6de,adsb_icao,NKS1401 ,N669NK,A321,ground,,0.0,,,2000,none,A3,36.103379,-79.933616,8,186,3.056,2,,10,4,3,perhour,,2,,,[],[],27273341,1.5,-21.9
8.978257278503872,000040Z,a7130c,adsb_icao,SWA2577 ,N555LV,B737,40000,42425,447.8,212.41,-64,2422,none,A3,36.223709,-79.837475,8,186,0.0,2,1,10,2,3,perhour,2,2,0,0,[],[],28728280,0.0,-11.6
7.939033682794735,000040Z,ac12d6,adsb_icao,SWA3537 ,N8771D,B38M,37025,39475,440.5,325.26,64,6252,none,A3,36.09993,-79.773674,8,186,0.0,2,1,10,2,3,perhour,2,2,0,0,[],[],20894948,0.0,-8.3
4.303280214028906,000045Z,ac769b,adsb_icao,AAL197  ,N902AA,A321,3375,3500,204.8,260.45,1472,5174,none,A3,36.086131,-80.024823,8,186,0.162,2,1,9,1,3,perhour,2,2,0,0,[],[],28116358,0.1,-12.9
0.9979135649098853,000045Z,a73ab6,adsb_icao,JIA9969 ,N565NN,CRJ9,ground,,14.8,216.0,,1555,none,A3,36.114365,-79.937838,8,186,8.305,0,,8,,2,unknown,,,,,[],[],21940399,8.3,-7.3
0.3823114607522955,000045Z,a8d6de,adsb_icao,NKS1401 ,N669NK,A321,ground,,0.0,,,2000,none,A3,36.103379,-79.933616,8,186,8.056,2,,10,4,3,perhour,,2,,,[],[],27273343,1.5,-22.0
8.384312258595633,000045Z,a7130c,adsb_icao,SWA2577 ,N555LV,B737,39975,42400,447.8,212.41,-64,2422,none,A3,36.215332,-79.843998,8,186,0.205,2,1,10,2,3,perhour,2,2,0,0,[],[],28728321,0.2,-11.6
7.623552653837156,000045Z,ac12d6,adsb_icao,SWA3537 ,N8771D,B38M,37025,39475,440.5,325.26,64,6252,none,A3,36.108104,-79.78067,8,186,0.122,2,1,10,2,3,perhour,2,2,0,0,[],[],20894996,0.0,-12.3
4.605223584227413,000050Z,ac769b,adsb_icao,AAL197  ,N902AA,A321,3500,3650,209.9,260.4,1344,5174,none,A3,36.085293,-80.030959,8,186,0.127,2,1,9,1,3,perhour,2,2,0,0,[],[],28116401,0.1,-12.6
1.025618281870221,000050Z,a73ab6,adsb_icao,JIA9969 ,N565NN,CRJ9,ground,,14.2,216.0,,1555,none,A3,36.11483,-79.936967,8,186,0.201,0,,8,,2,unknown,,,,,[],[],21940404,0.2,-4.5
0.3823114607522955,000050Z,a8d6de,adsb_icao,NKS1401 ,N669NK,A321,ground,,0.0,,,2000,none,A3,36.103379,-79.933616,8,186,13.056,2,,10,4,3,perhour,,2,,,[],[],27273343,6.5,-22.0
7.7781085977836195,000050Z,a7130c,adsb_icao,SWA2577 ,N555LV,B737,40000,42425,448.3,212.52,192,2422,none,A3,36.206794,-79.850678,8,186,0.35,2,1,10,2,3,perhour,2,2,0,0,[],[],28728366,0.0,-11.5
7.34800065814818,000050Z,ac12d6,adsb_icao,SWA3537 ,N8771D,B38M,37025,39475,440.5,325.26,0,6252,none,A3,36.116043,-79.787521,8,186,0.374,2,1,10,2,3,perhour,2,2,0,0,[],[],20895038,0.2,-9.7
4.883903749671669,000055Z,ac769b,adsb_icao,AAL197  ,N902AA,A321,3600,3750,214.9,260.63,768,5174,none,A3,36.084548,-80.036628,8,186,0.299,2,1,9,1,3,perhour,2,2,0,0,[],[],28116445,0.0,-10.6
1.0250610099428124,000055Z,a73ab6,adsb_icao,JIA9969 ,N565NN,CRJ9,ground,,14.2,216.0,,1555,none,A3,36.114819,-79.936852,8,186,3.66,0,,8,,2,unknown,,,,,[],[],21940406,3.7,-3.9
0.3823114607522955,000055Z,a8d6de,adsb_icao,NKS1401 ,N669NK,A321,ground,,0.0,,,2000,none,A3,36.103379,-79.933616,8,186,18.056,2,,10,4,3,perhour,,2,,,[],[],27273343,11.5,-22.0
9.599208621393972,000055Z,a41447,adsb_icao,FFT4117 ,N362FR,A20N,34475,36775,450.4,175.54,-1408,5754,none,A3,36.257355,-79.925709,8,186,0.108,2,1,10,4,3,perhour,2,3,0,0,[],[],29296947,0.1,-10.3
7.112630059120808,000055Z,a7130c,adsb_icao,SWA2577 ,N555LV,B737,40000,42425,448.6,212.34,64,2422,none,A3,36.197437,-79.858041,8,186,0.01,2,1,10,2,3,perhour,2,2,0,0,[],[],28728416,0.0,-7.8
7.083776908300358,000055Z,ac12d6,adsb_icao,SWA3537 ,N8771D,B38M,37025,39450,440.5,325.26,0,6252,none,A3,36.125049,-79.795221,8,186,0.0,2,1,10,2,3,perhour,2,2,0,0,[],[],20895090,0.0,-9.0
5.208660281881984,000100Z,ac769b,adsb_icao,AAL197  ,N902AA,A321,3650,3800,223.1,260.45,576,5174,none,A3,36.083664,-80.043231,8,186,0.148,2,1,9,1,3,perhour,2,2,0,0,[],[],28116490,0.0,-9.4
1.0250610099428124,000100Z,a73ab6,adsb_icao,JIA9969 ,N565NN,CRJ9,ground,,14.2,216.0,,1555,,A3,36.114819,-79.936852,8,186,8.66,0,,8,,2,unknown,,,,,[],[],21940406,8.7,-3.9
0.3823114607522955,000100Z,a8d6de,adsb_icao,NKS1401 ,N669NK,A321,ground,,0.0,,,2000,none,A3,36.103379,-79.933616,8,186,23.056,2,,10,4,3,perhour,,2,,,[],[],27273344,1.6,-22.1
8.974333283052077,000100Z,a41447,adsb_icao,FFT4117 ,N362FR,A20N,34350,36600,450.3,175.67,-1344,5754,none,A3,36.246876,-79.924719,8,186,0.07,2,1,10,4,3,perhour,2,3,0,0,[],[],29296993,0.0,-8.6
6.505500041473605,000100Z,a7130c,adsb_icao,SWA2577 ,N555LV,B737,40000,42425,449.1,212.45,-64,2422,none,A3,36.188872,-79.864703,8,186,0.115,2,1,10,2,3,perhour,2,2,0,0,[],[],28728466,0.0,-15.0
6.901103716417645,000100Z,ac12d6,adsb_icao,SWA3537 ,N8771D,B38M,37025,39450,441.1,325.16,-64,6252,none,A3,36.13273,-79.801766,8,186,0.414,2,1,10,2,3,perhour,2,2,0,0,[],[],20895136,0.0,-11.4
5.513269184938371,000105Z,ac769b,adsb_icao,AAL197  ,N902AA,A321,3725,3875,232.1,260.58,1344,5174,none,A3,36.082809,-80.049419,8,186,0.285,2,1,9,1,3,perhour,2,2,0,0,[],[],28116529,0.1,-8.6
1.0250610099428124,000105Z,a73ab6,adsb_icao,JIA9969 ,N565NN,CRJ9,ground,,14.2,216.0,,1555,,A3,36.114819,-79.936852,8,186,13.66,0,,8,,2,unknown,,,,,[],[],21940406,13.7,-3.9
0.3823114607522955,000105Z,a8d6de,adsb_icao,NKS1401 ,N669NK,A321,ground,,0.0,,,2000,none,A3,36.103379,-79.933616,8,186,28.056,2,,10,4,3,perhour,,2,,,[],[],27273345,1.3,-22.1
8.39759574934266,000105Z,a41447,adsb_icao,FFT4117 ,N362FR,A20N,34250,36500,450.2,175.8,-1408,5754,none,A3,36.237193,-79.923842,8,186,0.296,2,1,10,4,3,perhour,2,3,0,0,[],[],29297038,0.3,-9.8
5.941930259568606,000105Z,a7130c,adsb_icao,SWA2577 ,N555LV,B737,40000,42425,450.0,212.38,-64,2422,none,A3,36.180954,-79.870949,8,186,0.609,2,1,10,2,3,perhour,2,2,0,0,[],[],28728513,0.2,-15.4
6.743290604416841,000105Z,ac12d6,adsb_icao,SWA3537 ,N8771D,B38M,37000,39425,441.1,325.16,-64,6252,none,A3,36.141388,-79.809187,8,186,0.168,2,1,10,2,3,perhour,2,2,0,0,[],[],20895180,0.1,-14.3
5.852190341633261,000110Z,ac769b,adsb_icao,AAL197  ,N902AA,A321,3875,4025,238.9,261.09,1600,5174,none,A3,36.081941,-80.056321,8,186,0.276,2,1,9,1,3,perhour,2,2,0,0,[],[],28116573,0.1,-11.0
0.981054757806562,000110Z,a73ab6,adsb_icao,JIA9969 ,N565NN,CRJ9,ground,,18.5,216.0,,1555,,A3,36.114039,-79.935705,8,186,1.338,0,,8,,2,unknown,,,,,[],[],21940407,1.3,-3.8
0.3823114607522955,000110Z,a8d6de,adsb_icao,NKS1401 ,N669NK,A321,ground,,0.0,,,2000,none,A3,36.103379,-79.933616,8,186,33.056,2,,10,4,3,perhour,,2,,,[],[],27273345,6.3,-22.1
7.772167735134655,000110Z,a41447,adsb_icao,FFT4117 ,N362FR,A20N,34150,36400,450.2,175.8,-960,5754,none,A3,36.226672,-79.922849,8,186,0.33,2,1,10,4,3,perhour,2,3,0,0,[],[],29297086,0.1,-11.2
5.266101636134362,000110Z,a7130c,adsb_icao,SWA2577 ,N555LV,B737,40000,42425,450.8,212.32,-64,2422,none,A3,36.171432,-79.878387,8,186,0.173,2,1,10,2,3,perhour,2,2,0,0,[],[],28728564,0.1,-14.3
6.64199352803762,000110Z,ac12d6,adsb_icao,SWA3537 ,N8771D,B38M,37025,39450,440.3,325.08,64,6252,none,A3,36.150009,-79.816589,8,186,0.061,2,1,10,2,3,perhour,2,2,0,0,[],[],20895228,0.0,-11.3
6.199159506431534,000115Z,ac769b,adsb_icao,AAL197  ,N902AA,A321,4025,4175,245.0,261.08,1856,5174,none,A3,36.081024,-80.063381,8,186,0.113,2,1,9,1,3,perhour,2,2,0,0,[],[],28116612,0.1,-7.2
0.9594511703981955,000115Z,a73ab6,adsb_icao,JIA9969 ,N565NN,CRJ9,ground,,21.5,216.0,,1555,,A3,36.113643,-79.935238,8,186,0.413,2,,11,1,3,perhour,,2,,,[],[],21940412,0.4,-5.6
0.3823114607522955,000115Z,a8d6de,adsb_icao,NKS1401 ,N669NK,A321,ground,,0.0,,,2000,none,A3,36.103379,-79.933616,8,186,38.056,2,,10,4,3,perhour,,2,,,[],[],27273346,1.5,-22.0
7.166901135856841,000115Z,a41447,adsb_icao,FFT4117 ,N362FR,A20N,34075,36300,451.2,175.81,-704,5754,none,A3,36.216476,-79.921989,8,186,0.366,2,1,10,4,3,perhour,2,3,0,0,[],[],29297143,0.0,-6.8
4.6279274876883765,000115Z,a7130c,adsb_icao,SWA2577 ,N555LV,B737,40000,42425,450.8,212.32,0,2422,none,A3,36.16243,-79.88539,8,186,0.085,2,1,10,2,3,perhour,2,2,0,0,[],[],28728615,0.0,-7.3
6.600285861106678,000115Z,ac12d6,adsb_icao,SWA3537 ,N8771D,B38M,37000,39425,440.3,325.08,64,6252,none,A3,36.158066,-79.823513,8,186,0.187,2,1,10,2,3,perhour,2,2,0,0,[],[],20895283,0.1,-6.6
6.51951437333568,000120Z,ac769b,adsb_icao,AAL197  ,N902AA,A321,4150,4300,251.0,261.06,2048,5174,none,A3,36.0802,-80.069904,8,186,0.388,2,1,9,1,3,perhour,2,2,0,0,[],[],28116656,0.3,-6.8
0.9501612141911653,000120Z,a73ab6,adsb_icao,JIA9969 ,N565NN,CRJ9,ground,,22.5,216.0,,1555,,A3,36.113469,-79.935033,8,186,2.996,2,,11,1,3,perhour,,2,,,[],[],21940415,3.0,-5.1
0.3823114607522955,000120Z,a8d6de,adsb_icao,NKS1401 ,N669NK,A321,ground,,0.0,,,2000,none,A3,36.103379,-79.933616,8,186,3.424,2,,10,4,3,perhour,,2,,,[],[],27273348,3.4,-21.9
6.549468229532496,000120Z,a41447,adsb_icao,FFT4117 ,N362FR,A20N,34025,36250,453.5,175.32,-320,5754,none,A3,36.206039,-79.921017,8,186,0.401,2,1,10,4,3,perhour,2,3,0,0,[],[],29297192,0.0,-7.7
4.047199227431231,000120Z,a7130c,adsb_icao,SWA2577 ,N555LV,B737,40000,42425,450.8,212.32,0,2422,none,A3,36.154237,-79.89176,8,186,0.443,2,1,10,2,3,perhour,2,2,0,0,[],[],28728661,0.2,-21.3
6.613213763955716,000120Z,ac12d6,adsb_icao,SWA3537 ,N8771D,B38M,37025,39450,440.5,325.26,0,6252,none,A3,36.166853,-79.831101,8,186,0.0,2,1,10,2,3,perhour,2,2,0,0,[],[],20895331,0.0,-7.5
6.893303559309151,000125Z,ac769b,adsb_icao,AAL197  ,N902AA,A321,4325,4475,256.0,261.24,2368,5174,none,A3,36.079239,-80.077515,8,186,0.14,2,1,9,1,3,perhour,2,2,0,0,[],[],28116702,0.0,-10.1
0.9501612141911653,000125Z,a73ab6,adsb_icao,JIA9969 ,N565NN,CRJ9,ground,,22.5,,,,,A3,36.113469,-79.935033,8,186,7.996,2,,11,1,3,perhour,,2,,,[],[],21940415,8.0,-5.1
0.3823114607522955,000125Z,a8d6de,adsb_icao,NKS1401 ,N669NK,A321,ground,,0.0,,,2000,none,A3,36.103379,-79.933616,8,186,3.567,2,,10,4,3,perhour,,2,,,[],[],27273349,3.6,-21.9
5.931309578202558,000125Z,a41447,adsb_icao,FFT4117 ,N362FR,A20N,34000,36225,456.2,173.2,-192,5754,none,A3,36.195511,-79.919701,8,186,0.414,2,1,10,4,3,perhour,2,3,0,0,[],[],29297244,0.0,-14.9
3.370073375364115,000125Z,a7130c,adsb_icao,SWA2577 ,N555LV,B737,40000,42425,451.7,212.25,-64,2422,none,A3,36.144699,-79.899216,8,186,0.08,2,1,10,2,3,perhour,2,2,0,0,[],[],28728712,0.1,-11.4
6.6843462196397745,000125Z,ac12d6,adsb_icao,SWA3537 ,N8771D,B38M,37025,39450,439.7,325.19,0,6252,none,A3,36.174866,-79.837875,8,186,0.256,2,1,10,2,3,perhour,2,2,0,0,[],[],20895381,0.0,-10.4
7.246985175995262,000130Z,ac769b,adsb_icao,AAL197  ,N902AA,A321,4525,4700,258.8,261.56,2624,5174,none,A3,36.078357,-80.084722,8,186,0.272,2,1,9,1,3,perhour,2,2,0,0,[],[],28116745,0.0,-8.4
0.9108226535587435,000130Z,a73ab6,adsb_icao,JIA9969 ,N565NN,CRJ9,ground,,26.5,,,,,A3,36.112701,-79.93412,8,186,3.85,2,,11,1,3,perhour,,2,,,[],[],21940417,3.9,-5.3
0.3823114607522955,000130Z,a8d6de,adsb_icao,NKS1401 ,N669NK,A321,ground,,0.0,,,2000,none,A3,36.103379,-79.933616,8,186,8.567,2,,10,4,3,perhour,,2,,,[],[],27273350,1.6,-21.9
5.288339772530469,000130Z,a41447,adsb_icao,FFT4117 ,N362FR,A20N,34000,36225,459.7,170.23,0,5754,none,A3,36.184387,-79.917641,8,186,0.136,2,1,10,4,3,perhour,2,3,0,0,[],[],29297287,0.1,-11.2
2.746255171809221,000130Z,a7130c,adsb_icao,SWA2577 ,N555LV,B737,39975,42400,451.7,212.25,-64,2422,none,A3,36.13591,-79.906082,8,186,0.054,2,1,10,2,3,perhour,2,2,0,0,[],[],28728761,0.1,-10.6
6.799994752499731,000130Z,ac12d6,adsb_icao,SWA3537 ,N8771D,B38M,37000,39450,439.1,325.3,-64,6252,none,A3,36.18282,-79.844717,8,186,0.462,2,1,10,2,3,perhour,2,2,0,0,[],[],20895430,0.2,-9.2
7.587686825975274,000135Z,ac769b,adsb_icao,AAL197  ,N902AA,A321,4725,4925,261.6,261.87,2496,5174,none,A3,36.077565,-80.091676,8,186,0.578,2,1,9,1,3,perhour,2,2,0,0,[],[],28116790,0.1,-7.5
0.9108226535587435,000135Z,a73ab6,adsb_icao,JIA9969 ,N565NN,CRJ9,ground,,26.5,,,,,A3,36.112701,-79.93412,8,186,8.85,2,,11,1,3,perhour,,2,,,[],[],21940417,8.8,-5.3
0.3823114607522955,000135Z,a8d6de,adsb_icao,NKS1401 ,N669NK,A321,ground,,0.0,,,2000,none,A3,36.103379,-79.933616,8,186,3.735,2,,10,4,3,perhour,,2,,,[],[],27273352,1.5,-21.8
4.734411078431325,000135Z,a41447,adsb_icao,FFT4117 ,N362FR,A20N,33975,36200,461.6,167.11,0,5754,none,A3,36.174534,-79.915077,8,186,0.284,2,1,10,4,3,perhour,2,3,0,0,[],[],29297336,0.0,-16.5
2.167331367217667,000135Z,a7130c,adsb_icao,SWA2577 ,N555LV,B737,39975,42400,451.7,212.25,64,2422,none,A3,36.127749,-79.912447,8,186,0.384,2,1,10,2,3,perhour,2,2,0,0,[],[],28728803,0.0,-14.7
6.9860287103211975,000135Z,ac12d6,adsb_icao,SWA3537 ,N8771D,B38M,37000,39425,437.7,325.33,0,6252,none,A3,36.191711,-79.852314,8,186,0.006,2,1,10,2,3,perhour,2,2,0,0,[],[],20895475,0.0,-8.9
7.980125650931534,000140Z,ac769b,adsb_icao,AAL197  ,N902AA,A321,4950,5150,263.5,262.15,2752,5174,none,A3,36.076634,-80.099682,8,186,0.16,2,1,9,1,3,perhour,2,2,0,0,[],[],28116838,0.1,-9.4
0.9108226535587435,000140Z,a73ab6,adsb_icao,JIA9969 ,N565NN,CRJ9,ground,,26.5,,,,,A3,36.112701,-79.93412,8,186,13.85,2,,11,1,3,perhour,,2,,,[],[],21940417,13.8,-5.3
0.3823114607522955,000140Z,a8d6de,adsb_icao,NKS1401 ,N669NK,A321,ground,,0.0,,,2000,none,A3,36.103379,-79.933616,8,186,3.706,2,,10,4,3,perhour,,2,,,[],[],27273353,3.7,-21.8
1.517549972872376,000140Z,a7130c,adsb_icao,SWA2577 ,N555LV,B737,39975,42400,451.7,212.25,128,2422,none,A3,36.118578,-79.919576,8,186,0.247,2,1,10,2,3,perhour,2,2,0,0,[],[],28728850,0.0,-11.1
4.175858581073669,000140Z,a41447,adsb_icao,FFT4117 ,N362FR,A20N,33975,36200,463.7,164.11,-64,5754,none,A3,36.164153,-79.911687,8,186,0.316,2,1,10,4,3,perhour,2,3,0,0,[],[],29297377,0.0,-15.1
7.215508203348626,000140Z,ac12d6,adsb_icao,SWA3537 ,N8771D,B38M,37025,39450,436.9,325.26,128,6252,none,A3,36.20023,-79.859561,8,186,0.0,2,1,10,2,3,perhour,2,2,0,0,[],[],20895525,0.0,-14.5
8.32600419064735,000145Z,ac769b,adsb_icao,AAL197  ,N902AA,A321,5175,5400,265.3,262.42,2688,5174,none,A3,36.075889,-80.106753,8,186,0.485,2,1,9,1,3,perhour,2,2,0,0,[],[],28116880,0.3,-10.3
9.99275759042004,000145Z,c01968,adsb_icao,ROU1674 ,C-FJQD,A321,36000,38275,475.9,170.2,0,0561,none,A3,36.235016,-80.053883,8,186,0.287,2,1,9,1,3,perhour,2,2,0,0,[],[],26562470,0.2,-19.9
0.3823114607522955,000145Z,a8d6de,adsb_icao,NKS1401 ,N669NK,A321,ground,,0.0,,,2000,none,A3,36.103379,-79.933616,8,186,8.706,2,,10,4,3,perhour,,2,,,[],[],27273353,8.7,-21.8
0.8470244935536823,000145Z,a73ab6,adsb_icao,JIA9969 ,N565NN,CRJ9,ground,,29.5,,,,,A3,36.111305,-79.932461,8,186,4.571,2,,11,1,3,perhour,,2,,,[],[],21940419,0.2,-4.9
0.871124714843211,000145Z,a7130c,adsb_icao,SWA2577 ,N555LV,B737,40000,42425,451.6,212.7,128,2422,none,A3,36.109451,-79.926682,8,186,0.083,2,1,10,2,3,perhour,2,2,0,0,[],[],28728899,0.0,-9.6
3.6390133823130344,000145Z,a41447,adsb_icao,FFT4117 ,N362FR,A20N,33975,36200,464.2,161.02,64,5754,none,A3,36.153306,-79.907304,8,186,0.077,2,1,10,4,3,perhour,2,3,0,0,[],[],29297424,0.0,-9.8
7.464031310649999,000145Z,ac12d6,adsb_icao,SWA3537 ,N8771D,B38M,37050,39475,436.3,325.36,0,6252,none,A3,36.208051,-79.866281,8,186,0.321,2,1,10,2,3,perhour,2,2,0,0,[],[],20895564,0.1,-22.4
8.69849484810898,000150Z,ac769b,adsb_icao,AAL197  ,N902AA,A321,5400,5650,266.3,262.45,2624,5174,none,A3,36.075073,-80.114365,8,186,0.441,2,1,9,1,3,perhour,2,2,0,0,[],[],28116923,0.0,-9.8
9.42074640706952,000150Z,c01968,adsb_icao,ROU1674 ,C-FJQD,A321,36000,38300,475.9,170.2,-64,0561,none,A3,36.224624,-80.051646,8,186,0.408,2,1,9,1,3,perhour,2,2,0,0,[],[],26562521,0.3,-8.6
0.24848334486302098,000150Z,a7130c,adsb_icao,SWA2577 ,N555LV,B737,40000,42450,449.2,215.21,-64,2422,none,A3,36.100841,-79.933894,8,186,0.111,2,1,10,2,3,perhour,2,2,0,0,[],[],28728951,0.0,-12.1
0.3823114607522955,000150Z,a8d6de,adsb_icao,NKS1401 ,N669NK,A321,ground,,0.0,,,2000,none,A3,36.103379,-79.933616,8,186,3.99,2,,10,4,3,perhour,,2,,,[],[],27273355,1.6,-21.7
0.8134010961883593,000150Z,a73ab6,adsb_icao,JIA9969 ,N565NN,CRJ9,ground,,25.5,,,,,A3,36.110443,-79.931439,8,186,0.218,2,,11,1,3,perhour,,2,,,[],[],21940424,0.2,-7.6
3.2085822458428983,000150Z,a41447,adsb_icao,FFT4117 ,N362FR,A20N,33975,36200,463.0,157.26,0,5754,none,A3,36.143188,-79.902477,8,186,0.0,2,1,10,4,3,perhour,2,3,0,0,[],[],29297468,0.0,-9.2
7.768247657146558,000150Z,ac12d6,adsb_icao,SWA3537 ,N8771D,B38M,37000,39425,435.8,325.47,-256,6252,none,A3,36.216385,-79.873352,8,186,0.257,2,1,10,2,3,perhour,2,2,0,0,[],[],20895611,0.0,-8.6
9.09058305957229,000155Z,ac769b,adsb_icao,AAL197  ,N902AA,A321,5625,5875,268.3,262.5,2560,5174,none,A3,36.074203,-80.122375,8,186,0.02,2,1,9,1,3,perhour,2,2,0,0,[],[],28116960,0.0,-5.5
8.845293705304396,000155Z,c01968,adsb_icao,ROU1674 ,C-FJQD,A321,36000,38300,476.1,170.08,-64,0561,none,A3,36.21401,-80.049367,8,186,0.5,2,1,9,1,3,perhour,2,2,0,0,[],[],26562570,0.0,-10.7
0.3537803568164309,000155Z,a7130c,adsb_icao,SWA2577 ,N555LV,B737,40000,42450,447.0,219.28,-64,2422,none,A3,36.092928,-79.941491,8,186,0.262,2,1,10,2,3,perhour,2,2,0,0,[],[],28728997,0.0,-19.4
0.3823114607522955,000155Z,a8d6de,adsb_icao,NKS1401 ,N669NK,A321,ground,,0.0,,,2000,none,A3,36.103379,-79.933616,8,186,8.99,2,,10,4,3,perhour,,2,,,[],[],27273355,6.6,-21.7
0.8134010961883593,000155Z,a73ab6,adsb_icao,JIA9969 ,N565NN,CRJ9,ground,,25.5,,,,,A3,36.110443,-79.931439,8,186,5.218,2,,11,1,3,perhour,,2,,,[],[],21940424,5.2,-7.6
2.90582933931458,000155Z,a41447,adsb_icao,FFT4117 ,N362FR,A20N,34000,36225,460.8,154.83,64,5754,none,A3,36.133759,-79.89727,8,186,0.206,2,1,10,4,3,perhour,2,3,0,0,[],[],29297511,0.1,-19.5
8.106414230892419,000155Z,ac12d6,adsb_icao,SWA3537 ,N8771D,B38M,37000,39425,433.5,325.43,0,6252,none,A3,36.224717,-79.880423,8,186,0.27,2,1,10,2,3,perhour,2,2,0,0,[],[],20895660,0.1,-11.3
9.46311800034898,000200Z,ac769b,adsb_icao,AAL197  ,N902AA,A321,5825,6100,270.4,262.35,2112,5174,none,A3,36.07338,-80.129986,8,186,0.053,2,1,9,1,3,perhour,2,2,0,0,[],[],28117005,0.1,-16.3
8.231994571964565,000200Z,c01968,adsb_icao,ROU1674 ,C-FJQD,A321,36000,38300,475.9,170.2,-64,0561,none,A3,36.202469,-80.046902,8,186,0.253,2,1,9,1,3,perhour,2,2,0,0,[],[],26562617,0.2,-12.4
0.9420354079282199,000200Z,a7130c,adsb_icao,SWA2577 ,N555LV,B737,40000,42450,444.2,223.36,0,2422,none,A3,36.085619,-79.949614,8,186,0.436,2,1,10,2,3,perhour,2,2,0,0,[],[],28729038,0.0,-10.7
0.3823114607522955,000200Z,a8d6de,adsb_icao,NKS1401 ,N669NK,A321,ground,,0.0,,,2000,none,A3,36.103379,-79.933616,8,186,13.99,2,,10,4,3,perhour,,2,,,[],[],27273355,11.6,-21.7
0.8134010961883593,000200Z,a73ab6,adsb_icao,JIA9969 ,N565NN,CRJ9,ground,,25.5,,,,,A3,36.110443,-79.931439,8,186,10.218,2,,11,1,3,perhour,,2,,,[],[],21940424,10.2,-7.6
2.744008872589151,000200Z,a41447,adsb_icao,FFT4117 ,N362FR,A20N,34000,36225,456.8,151.64,-64,5754,none,A3,36.124374,-79.891319,8,186,0.213,2,1,10,4,3,perhour,2,3,0,0,[],[],29297567,0.1,-7.6
8.46553065103744,000200Z,ac12d6,adsb_icao,SWA3537 ,N8771D,B38M,37000,39425,432.2,325.46,0,6252,none,A3,36.232864,-79.887377,8,186,0.291,2,1,10,2,3,perhour,2,2,0,0,[],[],20895705,0.0,-10.1
9.813667626216187,000205Z,ac769b,adsb_icao,AAL197  ,N902AA,A321,5975,6250,273.7,262.02,2176,5174,none,A3,36.072556,-80.137138,8,186,0.293,2,1,9,1,3,perhour,2,2,0,0,[],[],28117046,0.0,-8.8
7.693525430670065,000205Z,c01968,adsb_icao,ROU1674 ,C-FJQD,A321,36000,38300,475.9,170.2,0,0561,none,A3,36.192084,-80.044692,8,186,0.27,2,1,9,1,3,perhour,2,2,0,0,[],[],26562668,0.0,-9.1
1.5688149203373205,000205Z,a7130c,adsb_icao,SWA2577 ,N555LV,B737,40000,42450,441.7,227.57,64,2422,none,A3,36.07831,-79.958905,8,186,0.234,2,1,10,2,3,perhour,2,2,0,0,[],[],28729088,0.0,-11.6
0.3829325441233063,000205Z,a8d6de,adsb_icao,NKS1401 ,N669NK,A321,ground,,0.0,,,2000,none,A3,36.103386,-79.933605,8,186,3.855,2,,10,4,3,perhour,,2,,,[],[],27273356,3.9,-21.7
0.8134010961883593,000205Z,a73ab6,adsb_icao,JIA9969 ,N565NN,CRJ9,ground,,25.5,,,,,A3,36.110443,-79.931439,8,186,15.218,2,,11,1,3,perhour,,2,,,[],[],21940424,15.2,-7.6
8.839019352474612,000205Z,ac12d6,adsb_icao,SWA3537 ,N8771D,B38M,37000,39425,429.9,325.42,-64,6252,none,A3,36.240777,-79.894098,8,186,0.437,2,1,10,2,3,perhour,2,2,0,0,[],[],20895751,0.1,-14.9
2.7583580864120307,000205Z,a41447,adsb_icao,FFT4117 ,N362FR,A20N,34000,36225,452.6,148.28,64,5754,none,A3,36.115723,-79.884968,8,186,0.291,2,1,10,4,3,perhour,2,3,0,0,[],[],29297609,0.1,-12.8
7.112365176109762,000210Z,c01968,adsb_icao,ROU1674 ,C-FJQD,A321,36000,38300,477.1,170.1,-64,0561,none,A3,36.180542,-80.04221,8,186,0.116,2,1,9,1,3,perhour,2,2,0,0,[],[],26562719,0.0,-8.1
2.2022517110114186,000210Z,a7130c,adsb_icao,SWA2577 ,N555LV,B737,40000,42450,439.6,230.26,0,2422,none,A3,36.071374,-79.96884,8,186,0.115,2,1,10,2,3,perhour,2,2,0,0,[],[],28729138,0.1,-13.7
0.3829325441233063,000210Z,a8d6de,adsb_icao,NKS1401 ,N669NK,A321,ground,,0.0,,,2000,none,A3,36.103386,-79.933605,8,186,8.855,2,,10,4,3,perhour,,2,,,[],[],27273357,1.9,-21.8
0.8134010961883593,000210Z,a73ab6,adsb_icao,JIA9969 ,N565NN,CRJ9,ground,,25.5,,,,,A3,36.110443,-79.931439,8,186,20.218,2,,11,1,3,perhour,,2,,,[],[],21940424,20.2,-7.6
9.240635586273385,000210Z,ac12d6,adsb_icao,SWA3537 ,N8771D,B38M,37000,39425,428.3,325.27,-64,6252,none,A3,36.24884,-79.90099,8,186,0.571,2,1,10,2,3,perhour,2,2,0,0,[],[],20895798,0.1,-12.6
2.9432988987226407,000210Z,a41447,adsb_icao,FFT4117 ,N362FR,A20N,34000,36225,452.0,144.73,64,5754,none,A3,36.106934,-79.877701,8,186,0.369,2,1,10,4,3,perhour,2,3,0,0,[],[],29297661,0.0,-16.7
6.5868261494360665,000215Z,c01968,adsb_icao,ROU1674 ,C-FJQD,A321,36000,38275,476.9,170.22,-128,0561,none,A3,36.169646,-80.0399,8,186,0.136,2,1,9,1,3,perhour,2,2,0,0,[],[],26562769,0.1,-6.8
2.811664396832701,000215Z,a7130c,adsb_icao,SWA2577 ,N555LV,B737,40000,42450,439.6,231.28,-128,2422,none,A3,36.06495,-79.978657,8,186,0.085,2,1,10,2,3,perhour,2,2,0,0,[],[],28729189,0.1,-13.1
0.3829325441233063,000215Z,a8d6de,adsb_icao,NKS1401 ,N669NK,A321,ground,,0.0,,,2000,none,A3,36.103386,-79.933605,8,186,13.855,2,,10,4,3,perhour,,2,,,[],[],27273357,6.9,-21.8
0.8134010961883593,000215Z,a73ab6,adsb_icao,JIA9969 ,N565NN,CRJ9,ground,,25.5,,,,,A3,36.110443,-79.931439,8,186,25.218,2,,,,,perhour,,,,,[],[],21940424,25.2,-7.6
9.685407956689502,000215Z,ac12d6,adsb_icao,SWA3537 ,N8771D,B38M,37000,39425,426.7,325.12,0,6252,none,A3,36.25735,-79.908239,8,186,0.31,2,1,10,2,3,perhour,2,2,0,0,[],[],20895842,0.1,-8.4
3.2857579866926163,000215Z,a41447,adsb_icao,FFT4117 ,N362FR,A20N,34000,36225,450.9,141.12,64,5754,none,A3,36.098419,-79.869576,8,186,0.13,2,1,10,3,3,perhour,2,3,0,0,[],[],29297708,0.1,-10.1
6.12618064764023,000220Z,c01968,adsb_icao,ROU1674 ,C-FJQD,A321,35975,38250,477.9,170.24,-128,0561,none,A3,36.159637,-80.037738,8,186,0.517,2,1,9,1,3,perhour,2,2,0,0,[],[],26562817,0.2,-9.6
3.3686092902892706,000220Z,a7130c,adsb_icao,SWA2577 ,N555LV,B737,40000,42450,439.9,231.65,-64,2422,none,A3,36.059131,-79.987657,8,186,0.502,2,1,10,2,3,perhour,2,2,0,0,[],[],28729239,0.0,-8.1
0.3829325441233063,000220Z,a8d6de,adsb_icao,NKS1401 ,N669NK,A321,ground,,0.0,,,,,A3,36.103386,-79.933605,8,186,18.855,2,,10,4,3,perhour,,2,,,[],[],27273357,11.9,-21.8
0.8134010961883593,000220Z,a73ab6,adsb_icao,JIA9969 ,N565NN,CRJ9,ground,,25.5,,,,,A3,36.110443,-79.931439,8,186,30.218,2,,,,,perhour,,,,,[],[],21940424,30.2,-7.6
3.6898910271140464,000220Z,a41447,adsb_icao,FFT4117 ,N362FR,A20N,34000,36250,450.8,137.25,0,5754,none,A3,36.091187,-79.861679,8,186,0.549,2,1,10,4,3,perhour,2,3,0,0,[],[],29297751,0.2,-7.9
5.6399840320822445,000225Z,c01968,adsb_icao,ROU1674 ,C-FJQD,A321,35975,38250,478.9,170.26,-64,0561,none,A3,36.14827,-80.035343,8,186,0.261,2,1,9,1,3,perhour,2,2,0,0,[],[],26562869,0.0,-9.4
4.010098242392366,000225Z,a7130c,adsb_icao,SWA2577 ,N555LV,B737,40000,42450,440.1,231.83,0,2422,none,A3,36.05246,-79.998035,8,186,0.254,2,1,10,2,3,perhour,2,2,0,0,[],[],28729292,0.0,-19.8
0.3829325441233063,000225Z,a8d6de,adsb_icao,NKS1401 ,N669NK,A321,ground,,0.0,,,,,A3,36.103386,-79.933605,8,186,23.855,2,,10,4,3,perhour,,2,,,[],[],27273357,16.9,-21.8
0.8134010961883593,000225Z,a73ab6,adsb_icao,JIA9969 ,N565NN,CRJ9,ground,,25.5,,,,,A3,36.110443,-79.931439,8,186,35.218,2,,,,,perhour,,,,,[],[],21940424,35.2,-7.6
4.208290522294693,000225Z,a41447,adsb_icao,FFT4117 ,N362FR,A20N,34000,36225,450.6,133.65,64,5754,none,A3,36.083588,-79.852352,8,186,0.425,2,1,10,4,3,perhour,2,3,0,0,[],[],29297800,0.0,-11.3
5.209858063920894,000230Z,c01968,adsb_icao,ROU1674 ,C-FJQD,A321,35975,38250,478.9,170.26,-64,0561,none,A3,36.137152,-80.033004,8,186,0.261,2,1,9,1,3,perhour,2,2,0,0,[],[],26562920,0.1,-9.9
4.612916506936173,000230Z,a7130c,adsb_icao,SWA2577 ,N555LV,B737,39975,42425,440.9,231.91,-64,2422,none,A3,36.046234,-80.00782,8,186,0.286,2,1,10,2,3,perhour,2,2,0,0,[],[],28729340,0.1,-17.2
0.3829325441233063,000230Z,a8d6de,adsb_icao,NKS1401 ,N669NK,A321,ground,,0.0,,,,,A3,36.103386,-79.933605,8,186,28.855,2,,10,4,3,perhour,,2,,,[],[],27273358,1.7,-21.8
0.8134010961883593,000230Z,a73ab6,adsb_icao,JIA9969 ,N565NN,CRJ9,ground,,25.5,,,,,A3,36.110443,-79.931439,8,186,40.218,2,,,,,perhour,,,,,[],[],21940424,40.2,-7.6
4.749137791577214,000230Z,a41447,adsb_icao,FFT4117 ,N362FR,A20N,34000,36250,451.9,130.42,-64,5754,none,A3,36.076813,-79.842911,8,186,0.498,2,1,10,4,3,perhour,2,3,0,0,[],[],29297844,0.0,-9.8
4.836497123681484,000235Z,c01968,adsb_icao,ROU1674 ,C-FJQD,A321,35950,38225,478.9,170.26,64,0561,none,A3,36.126026,-80.030667,8,186,0.02,2,1,9,1,3,perhour,2,2,0,0,[],[],26562977,0.0,-11.2
5.221639190777633,000235Z,a7130c,adsb_icao,SWA2577 ,N555LV,B737,39975,42425,441.1,232.09,64,2422,none,A3,36.039951,-80.017694,8,186,0.19,2,1,10,2,3,perhour,2,2,0,0,[],[],28729390,0.0,-11.6
0.3829325441233063,000235Z,a8d6de,adsb_icao,NKS1401 ,N669NK,A321,ground,,0.0,,,,,A3,36.103386,-79.933605,8,186,33.855,2,,10,4,3,perhour,,2,,,[],[],27273358,6.7,-21.8
0.8134010961883593,000235Z,a73ab6,adsb_icao,JIA9969 ,N565NN,CRJ9,ground,,25.5,,,,,A3,36.110443,-79.931439,8,186,45.218,2,,,,,perhour,,,,,[],[],21940424,45.2,-7.6
5.333065408261622,000235Z,a41447,adsb_icao,FFT4117 ,N362FR,A20N,34000,36225,453.2,127.2,-64,5754,none,A3,36.070267,-79.832783,8,186,0.34,2,1,10,4,3,perhour,2,3,0,0,[],[],29297896,0.1,-10.0
4.553187937392257,000240Z,c01968,adsb_icao,ROU1674 ,C-FJQD,A321,35975,38250,478.9,170.26,64,0561,none,A3,36.115768,-80.028477,8,186,0.467,2,1,9,1,3,perhour,2,2,0,0,[],[],26563025,0.1,-7.1
5.8390103619713845,000240Z,a7130c,adsb_icao,SWA2577 ,N555LV,B737,40000,42450,441.1,232.09,64,2422,none,A3,36.03362,-80.027745,8,186,0.248,2,1,10,2,3,perhour,2,2,0,0,[],[],28729434,0.0,-7.5
0.3829325441233063,000240Z,a8d6de,adsb_icao,NKS1401 ,N669NK,A321,ground,,0.0,,,,,A3,36.103386,-79.933605,8,186,38.855,2,,10,4,3,perhour,,2,,,[],[],27273359,1.8,-21.7
0.8134010961883593,000240Z,a73ab6,adsb_icao,JIA9969 ,N565NN,CRJ9,ground,,25.5,,,,,A3,36.110443,-79.931439,8,186,50.218,2,,,,,perhour,,,,,[],[],21940424,50.2,-7.6
